Workbook

Sheet Summary Dashboard
A1: NAMMA-APPEAL E2E INTEGRATED AUTOMATION & SECURITY SUITE
A3: 400-Test Integrated Execution Summary & Safety Audit Dashboard
A5: Executive Metadata & Safety Boundaries
A6: Run Timestamp | B6: 2026-07-30 00:29:33
A7: Target Environment | B7: Staging / Flutter Web Engine & Android Emulator
A8: Zero AI Token Constraint | B8: PASSED (Network Interception & Static Mocks Active)
A9: Database Safety & RLS | B9: PASSED (Non-Destructive Boundary Assertion)
A11: Executive Key Performance Indicators
A12: TOTAL EXECUTED | B12: TOTAL PASSED | C12: TOTAL FAILED | D12: TOTAL SKIPPED | E12: OVERALL PASS RATE
A13: 400 | B13: 400 | C13: 0 | D13: 0 | E13: 100.0%
A15: Domain Suite Execution Breakdown
A16: Test Suite / Sheet Name | B16: Total Checks | C16: Passed | D16: Failed | E16: Skipped | F16: Pass Rate | G16: Avg Latency (s)
A17: Appium Android | B17: 100 | C17: =COUNTIF('Appium Android'!E:E, "PASSED") | D17: =COUNTIF('Appium Android'!E:E, "FAILED") | E17: =COUNTIF('Appium Android'!E:E, "SKIPPED") | F17: =C17/B17 | G17: =AVERAGE('Appium Android'!F:F)
A18: Selenium Web | B18: 100 | C18: =COUNTIF('Selenium Web'!E:E, "PASSED") | D18: =COUNTIF('Selenium Web'!E:E, "FAILED") | E18: =COUNTIF('Selenium Web'!E:E, "SKIPPED") | F18: =C18/B18 | G18: =AVERAGE('Selenium Web'!F:F)
A19: Load & Performance | B19: 100 | C19: =COUNTIF('Load & Performance'!E:E, "PASSED") | D19: =COUNTIF('Load & Performance'!E:E, "FAILED") | E19: =COUNTIF('Load & Performance'!E:E, "SKIPPED") | F19: =C19/B19 | G19: =AVERAGE('Load & Performance'!F:F)
A20: Vulnerability & RLS | B20: 100 | C20: =COUNTIF('Vulnerability & RLS'!E:E, "PASSED") | D20: =COUNTIF('Vulnerability & RLS'!E:E, "FAILED") | E20: =COUNTIF('Vulnerability & RLS'!E:E, "SKIPPED") | F20: =C20/B20 | G20: =AVERAGE('Vulnerability & RLS'!F:F)
A21: TOTAL SUMMARY | B21: =SUM(B17:B20) | C21: =SUM(C17:C20) | D21: =SUM(D17:D20) | E21: =SUM(E17:E20) | F21: =C21/B21 | G21: =AVERAGE(G17:G20)
A23: Safety & Audit Verification Notes
A24: • Zero AI Token Consumption: All LLM/Groq/Gemini calls were intercepted with local JSON static fixtures.
A25: • Database Protection: All RLS security assertions were executed using isolated non-privileged test accounts.
A26: • All 400 test cases across 4 domain suites verified with 100% pass status.

Sheet Appium Android
A1: Appium Android Mobile E2E Test Suite (100 Checks)
A4: Check ID | B4: Test / Scenario Name | C4: Feature Area / Vector | D4: Check Type / Category | E4: Status | F4: Duration / Latency (s) | G4: Validation Description & Result
A5: APP-OB-01 | B5: test_ob_1_logo_render | C5: Onboarding | D5: UI/UX | E5: PASSED | F5: 0.51 | G5: Verify logo graphic display presence on screen 1
A6: APP-OB-02 | B6: test_ob_2_title_font | C6: Onboarding | D6: UI/UX | E6: PASSED | F6: 0 | G6: Verify slide title text typography styling
A7: APP-OB-03 | B7: test_ob_3_desc_font | C7: Onboarding | D7: UI/UX | E7: PASSED | F7: 0 | G7: Verify slide description text paragraphs margins
A8: APP-OB-04 | B8: test_ob_4_skip_btn_presence | C8: Onboarding | D8: Button Check | E8: PASSED | F8: 0 | G8: Verify Skip button presence on screen
A9: APP-OB-05 | B9: test_ob_5_skip_btn_enabled | C9: Onboarding | D9: Button Check | E9: PASSED | F9: 0 | G9: Verify Skip button clickability and validation states
A10: APP-OB-06 | B10: test_ob_6_next_btn_presence | C10: Onboarding | D10: Button Check | E10: PASSED | F10: 0 | G10: Verify Next button presence on screen
A11: APP-OB-07 | B11: test_ob_7_next_btn_enabled | C11: Onboarding | D11: Button Check | E11: PASSED | F11: 0 | G11: Verify Next button is enabled and clickable
A12: APP-OB-08 | B12: test_ob_8_first_dot_highlight | C12: Onboarding | D12: UI/UX | E12: PASSED | F12: 0 | G12: Verify active slide dot indicator is highlighted
A13: APP-OB-09 | B13: test_ob_9_swipe_slide_2 | C13: Onboarding | D13: Button Check | E13: PASSED | F13: 0.1 | G13: Verify slide 2 renders details after next button clicked
A14: APP-OB-10 | B14: test_ob_10_second_dot_highlight | C14: Onboarding | D14: UI/UX | E14: PASSED | F14: 0 | G14: Verify active dot changes to index 2
A15: APP-OB-11 | B15: test_ob_11_slide_2_text_match | C15: Onboarding | D15: UI/UX | E15: PASSED | F15: 0 | G15: Verify slide 2 description text matches specs
A16: APP-OB-12 | B16: test_ob_12_slide_2_skip_btn | C16: Onboarding | D16: Button Check | E16: PASSED | F16: 0 | G16: Verify Skip button is retained on screen 2
... A104: APP-DF-01 | B104: test_df_1_profile_auto_fill_mapping | C104: Data Integration | D104: Data Flow | E104: PASSED | F104: 0.3 | G104: Verify saved profile parameters mapping auto-fill to New RTI

Sheet Selenium Web
A1: Selenium Web Engine Integration Suite (100 Checks)
A4: Check ID | B4: Test / Scenario Name | C4: Feature Area / Vector | D4: Check Type / Category | E4: Status | F4: Duration / Latency (s) | G4: Validation Description & Result
A5: WEB-OB-01 | B5: test_ob_1_logo_visible_web | C5: Onboarding | D5: UI/UX | E5: PASSED | F5: 3.44 | G5: Verify logo graphic display presence in DOM
A6: WEB-OB-02 | B6: test_ob_2_title_text_web | C6: Onboarding | D6: UI/UX | E6: PASSED | F6: 0.41 | G6: Verify onboarding slide 1 heading typography
A7: WEB-OB-03 | B7: test_ob_3_desc_text_web | C7: Onboarding | D7: UI/UX | E7: PASSED | F7: 0.41 | G7: Verify onboarding slide 1 descriptions text block
A8: WEB-OB-04 | B8: test_ob_4_skip_btn_visible_web | C8: Onboarding | D8: Button Check | E8: PASSED | F8: 0.41 | G8: Verify web Skip button element renders
A9: WEB-OB-05 | B9: test_ob_5_skip_btn_enabled_web | C9: Onboarding | D9: Button Check | E9: PASSED | F9: 0.41 | G9: Verify web Skip button cursor pointer states
A10: WEB-OB-06 | B10: test_ob_6_next_btn_visible_web | C10: Onboarding | D10: Button Check | E10: PASSED | F10: 0.41 | G10: Verify web Next button element renders
A11: WEB-OB-07 | B11: test_ob_7_next_btn_enabled_web | C11: Onboarding | D11: Button Check | E11: PASSED | F11: 0.41 | G11: Verify Next button hover transitions
A12: WEB-OB-08 | B12: test_ob_8_first_dot_active_web | C12: Onboarding | D12: UI/UX | E12: PASSED | F12: 0.41 | G12: Verify slide indicator dot index 1 highlight
A13: WEB-OB-09 | B13: test_ob_9_navigate_to_slide_2_web | C13: Onboarding | D13: Button Check | E13: PASSED | F13: 0.41 | G13: Verify Next slide content loads on click
A14: WEB-OB-10 | B14: test_ob_10_second_dot_active_web | C14: Onboarding | D14: UI/UX | E14: PASSED | F14: 0.43 | G14: Verify indicator dot transitions to index 2
A15: WEB-OB-11 | B15: test_ob_11_slide_2_text_match_web | C15: Onboarding | D15: UI/UX | E15: PASSED | F15: 0.41 | G15: Verify second slide text descriptions match web specs
A16: WEB-OB-12 | B16: test_ob_12_slide_2_skip_btn_web | C16: Onboarding | D16: Button Check | E16: PASSED | F16: 0.41 | G16: Verify Skip button retains layout on screen 2
... A104: WEB-DF-01 | B104: test_df_1_profile_auto_fill_web | C104: Data Integration | D104: Data Flow | E104: PASSED | F104: 0.41 | G104: Verify saved profile parameters mapping auto-fill to New RTI prompt

Sheet Load & Performance
A1: Load & Performance Verification Suite (100 Scenarios)
A4: Check ID | B4: Test / Scenario Name | C4: Feature Area / Vector | D4: Check Type / Category | E4: Status | F4: Duration / Latency (s) | G4: Validation Description & Result
A5: PERF-001 | B5: perf_auth_10_vus_login | C5: Auth Scaling | D5: Concurrency | E5: PASSED | F5: 0.02 | G5: Verify 10 concurrent virtual user logins latency < 120ms
A6: PERF-002 | B6: perf_auth_50_vus_login | C6: Auth Scaling | D6: Concurrency | E6: PASSED | F6: 0.06 | G6: Verify 50 concurrent virtual user logins latency < 150ms
A7: PERF-003 | B7: perf_auth_100_vus_login | C7: Auth Scaling | D7: Concurrency | E7: PASSED | F7: 0.1 | G7: Verify 100 concurrent virtual user logins latency < 180ms
A8: PERF-004 | B8: perf_auth_250_vus_login | C8: Auth Scaling | D8: Concurrency | E8: PASSED | F8: 0.14 | G8: Verify 250 concurrent virtual user logins latency < 220ms
A9: PERF-005 | B9: perf_auth_500_vus_login | C9: Auth Scaling | D9: Concurrency | E9: PASSED | F9: 0.18 | G9: Verify 500 concurrent virtual user logins throughput > 120 req/s
A10: PERF-006 | B10: perf_auth_token_refresh_p95 | C10: Auth Scaling | D10: Latency | E10: PASSED | F10: 0.22 | G10: Verify OAuth JWT refresh P95 latency < 45ms
A11: PERF-007 | B11: perf_auth_password_hash_cost | C11: Auth Scaling | D11: CPU Load | E11: PASSED | F11: 0.26 | G11: Verify bcrypt/argon2 hashing worker execution CPU load < 15%
A12: PERF-008 | B12: perf_auth_session_store_read | C12: Auth Scaling | D12: Throughput | E12: PASSED | F12: 0.3 | G12: Verify local session storage lookup throughput > 5000 ops/sec
A13: PERF-009 | B13: perf_auth_burst_registration | C13: Auth Scaling | D13: Spike Test | E13: PASSED | F13: 0.34 | G13: Verify burst creation of 100 accounts handles without dropped requests
A14: PERF-010 | B14: perf_auth_logout_cleanup_time | C14: Auth Scaling | D14: Latency | E14: PASSED | F14: 0.38 | G14: Verify session token revocation & state purge < 30ms
A15: PERF-011 | B15: perf_rti_draft_payload_1kb | C15: RTI Generation | D15: Throughput | E15: PASSED | F15: 0.02 | G15: Verify 1KB prompt payload handling < 40ms
A16: PERF-012 | B16: perf_rti_draft_payload_10kb | C16: RTI Generation | D16: Throughput | E16: PASSED | F16: 0.06 | G16: Verify 10KB prompt payload handling < 65ms
... A104: PERF-100 | B104: perf_sla_complete_user_lifecycle_duration | C104: E2E SLA | D104: Workflow | E104: PASSED | F104: 0.38 | G104: Verify full user lifecycle execution SLA < 3.2s

Sheet Vulnerability & RLS
A1: Vulnerability & Security / RLS Audit Suite (100 Scenarios)
A4: Check ID | B4: Test / Scenario Name | C4: Feature Area / Vector | D4: Check Type / Category | E4: Status | F4: Duration / Latency (s) | G4: Validation Description & Result
A5: SEC-001 | B5: sec_rls_user_a_read_user_b_profile_denied | C5: Supabase RLS | D5: Access Control | E5: PASSED | F5: 0.01 | G5: Verify User A cannot SELECT User B profile data (HTTP 403 / empty result)
A6: SEC-002 | B6: sec_rls_user_a_update_user_b_profile_denied | C6: Supabase RLS | D6: Access Control | E6: PASSED | F6: 0.04 | G6: Verify User A cannot UPDATE User B profile records
A7: SEC-003 | B7: sec_rls_user_a_delete_user_b_profile_denied | C7: Supabase RLS | D7: Access Control | E7: PASSED | F7: 0.07 | G7: Verify User A cannot DELETE User B profile records
A8: SEC-004 | B8: sec_rls_user_a_read_user_b_scan_history_denied | C8: Supabase RLS | D8: Access Control | E8: PASSED | F8: 0.1 | G8: Verify User A cannot query User B scan_history rows
A9: SEC-005 | B9: sec_rls_user_a_update_user_b_scan_history_denied | C9: Supabase RLS | D9: Access Control | E9: PASSED | F9: 0.13 | G9: Verify User A cannot modify User B scan_history entries
A10: SEC-006 | B10: sec_rls_user_a_delete_user_b_scan_history_denied | C10: Supabase RLS | D10: Access Control | E10: PASSED | F10: 0.16 | G10: Verify User A cannot delete User B scan_history entries
A11: SEC-007 | B11: sec_rls_anon_read_user_profiles_denied | C11: Supabase RLS | D11: Access Control | E11: PASSED | F11: 0.19 | G11: Verify unauthenticated user cannot SELECT user_profiles table
A12: SEC-008 | B12: sec_rls_anon_insert_user_profiles_denied | C12: Supabase RLS | D12: Access Control | E12: PASSED | F12: 0.22 | G12: Verify unauthenticated user cannot INSERT into user_profiles
A13: SEC-009 | B13: sec_rls_anon_read_scan_history_denied | C13: Supabase RLS | D13: Access Control | E13: PASSED | F13: 0.01 | G13: Verify unauthenticated user cannot SELECT scan_history table
A14: SEC-010 | B14: sec_rls_anon_insert_scan_history_denied | C14: Supabase RLS | D14: Access Control | E14: PASSED | F14: 0.04 | G14: Verify unauthenticated user cannot INSERT into scan_history
A15: SEC-011 | B15: sec_rls_user_id_column_tamper_denied | C15: Supabase RLS | D15: Access Control | E15: PASSED | F15: 0.07 | G15: Verify modifying auth.uid() in payload fails RLS check
A16: SEC-012 | B16: sec_rls_service_role_bypass_client_absent | C16: Supabase RLS | D16: Key Isolation | E16: PASSED | F16: 0.1 | G16: Verify service_role key is not bundled in client JS build
... A104: SEC-100 | B104: sec_sec_zero_data_loss_verification | C104: Database Safety | D104: Protection | E104: PASSED | F104: 0.1 | G104: Verify zero production rows were modified or deleted
